{
  "build_update.py": 1777232275.3443336,
  "build_dist.py": 1777232331.9406025,
  "tests/test_course_manager.py": 1777155891.230166,
  "tests/test_setup_ollama.py": 1777160105.2438836,
  "tests/test_ollama_client.py": 1777156644.4706128,
  "tests/test_check_ollama.py": 1777158167.9025438,
  "tests/test_end_to_end.py": 1777157471.6042838,
  "tests/test_student_parser.py": 1777158481.772053,
  "tests/test_web_api.py": 1777161506.2781816,
  "tests/test_variants.py": 1777155920.410709,
  "tests/test_prompt_builder.py": 1777156344.2469058,
  "app/paths.py": 1777231587.2542913,
  "app/build_exe.py": 1777183691.945124,
  "app/variants.py": 1777231964.8944378,
  "app/install_gui.py": 1777259536.2420495,
  "app/course_manager.py": 1777231953.8661044,
  "app/prompt_builder.py": 1777176889.6448367,
  "app/questionnaire.py": 1777156057.3860936,
  "app/ollama_client.py": 1777162825.7981029,
  "app/config.py": 1777231981.765459,
  "app/updater.py": 1777283733.6973035,
  "app/setup_ollama.py": 1777160071.484959,
  "app/launcher.py": 1777252933.9361959,
  "app/check_ollama.py": 1777158304.527371,
  "app/student_parser.py": 1777156778.994378,
  "app/report_saver.py": 1777156088.8510053,
  "app/main.py": 1777157722.8550422,
  "app/web/main.py": 1777239372.1800904,
  "app/web/api/routes.py": 1777256735.5841672,
  "app/web/static/js/app.js": 1777257861.995144,
  "README.md": 1777162673.7898667,
  "CLAUDE.original.md": 1777258766.664623,
  "CLAUDE.md": 1777307923.6282556,
  "graphify-out/GRAPH_REPORT.md": 1777310153.617771,
  "graphify-out/graph.html": 1777310153.626571,
  "graphify-out/chunks/chunk2.txt": 1777260802.0720608,
  "graphify-out/chunks/chunk4.txt": 1777260802.0764608,
  "graphify-out/chunks/chunk1.txt": 1777260802.0720608,
  "graphify-out/chunks/chunk3.txt": 1777260802.0764608,
  "app/version.txt": 1777283978.938179,
  "app/requirements-dev.txt": 1777161542.6125822,
  "app/requirements.txt": 1777161121.555406,
  "app/Informes/Lorem Ipsum/Informe_Lorem_Ipsum.md": 1777253745.0773897,
  "app/web/static/index.html": 1777256975.7255628,
  "data/CURSOS/Test 1/Alumnos/Alumno1.md": 1777255647.9255803,
  "data/CURSOS/Test 1/Alumnos/Alumno4.md": 1777255590.6323411,
  "data/CURSOS/Test 1/Alumnos/Alumno3.md": 1777255590.6323411,
  "data/CURSOS/Test 1/Alumnos/Alumno5.md": 1777255590.6323411,
  "data/CURSOS/Test 1/Alumnos/Alumno7.md": 1777255590.6323411,
  "data/CURSOS/Test 1/Alumnos/Alumno2.md": 1777255590.6323411,
  "data/CURSOS/Test 1/Alumnos/Alumno6.md": 1777255590.6323411,
  "data/CURSOS/3ro Prueba/Alumnos/Lorem_Ipsum8.md": 1777254436.161946,
  "data/CURSOS/3ro Prueba/Alumnos/Lorem_Ipsum7.md": 1777254436.161946,
  "data/CURSOS/3ro Prueba/Alumnos/Lorem_Ipsum2.md": 1777254436.161946,
  "data/CURSOS/3ro Prueba/Alumnos/Lorem_Ipsum5.md": 1777254436.161946,
  "data/CURSOS/3ro Prueba/Alumnos/Lorem_Ipsum6.md": 1777254436.161946,
  "data/CURSOS/3ro Prueba/Alumnos/Lorem_Ipsum.md": 1777254496.9217415,
  "data/CURSOS/3ro Prueba/Alumnos/Lorem_Ipsum4.md": 1777254436.161946,
  "data/CURSOS/3ro Prueba/Alumnos/Lorem_Ipsum3.md": 1777254436.161946,
  "data/CURSOS/3ro Prueba/Alumnos/Lorem_Ipsum9.md": 1777254436.161946,
  "screenshot_login.png": 1777257928.0786262,
  "hero.png": 1777182080.9223297,
  "app/web/static/images/hero.png": 1777182666.7463734
}